<Anims>
 <anim name="huffandpuffwind_pre" root="huffandpuffwind" numframes="1000" framerate="40">
  <frame idx="0" w="-2147483648" h="2" x="7449611525389178600000000.000000" y="-0.500000"/>
  <frame idx="25" w="53" h="310" x="-3.694835" y="-226.569397">
   <element name="symbol0" layername="timeline_0" frame="0" z_index="3" m_a="0.188342" m_b="0.017331" m_c="-0.018607" m_d="0.202213" m_tx="-20.920851" m_ty="-228.671051"/>
  </frame>
  <frame idx="50" w="51" h="333" x="-3.896549" y="-227.946808">
   <element name="symbol0" layername="timeline_0" frame="0" z_index="3" m_a="0.225261" m_b="0.058869" m_c="-0.062201" m_d="0.238012" m_tx="-20.268230" m_ty="-237.947571"/>
  </frame>
  <frame idx="75" w="42" h="356" x="-3.276519" y="-229.372070">
   <element name="symbol0" layername="timeline_0" frame="0" z_index="3" m_a="0.252542" m_b="0.112620" m_c="-0.117682" m_d="0.263893" m_tx="-17.038576" m_ty="-247.565704"/>
  </frame>
  <frame idx="100" w="27" h="378" x="-2.824742" y="-230.387482">
   <element name="symbol0" layername="timeline_0" frame="0" z_index="3" m_a="0.267252" m_b="0.176372" m_c="-0.182804" m_d="0.276999" m_tx="-11.134013" m_ty="-256.918884"/>
  </frame>
  <frame idx="125" w="5" h="399" x="-1.522178" y="-232.033035">
   <element name="symbol0" layername="timeline_0" frame="0" z_index="3" m_a="0.266951" m_b="0.247295" m_c="-0.254721" m_d="0.274967" m_tx="-2.587574" m_ty="-265.382660"/>
  </frame>
  <frame idx="150" w="26" h="415" x="-24.892735" y="-233.344559">
   <element name="symbol0" layername="timeline_0" frame="0" z_index="3" m_a="0.249812" m_b="0.322050" m_c="-0.330091" m_d="0.256050" m_tx="8.434403" m_ty="-272.341370"/>
  </frame>
  <frame idx="175" w="59" h="425" x="-56.511345" y="-233.851959">
   <element name="symbol0" layername="timeline_0" frame="0" z_index="3" m_a="0.214719" m_b="0.396913" m_c="-0.405205" m_d="0.219204" m_tx="21.635098" m_ty="-277.215027"/>
  </frame>
  <frame idx="200" w="98" h="429" x="-92.784485" y="-234.577927">
   <element name="symbol0" layername="timeline_0" frame="0" z_index="3" m_a="0.161337" m_b="0.467926" m_c="-0.476128" m_d="0.164165" m_tx="36.595295" m_ty="-279.485504"/>
  </frame>
  <frame idx="225" w="138" h="425" x="-131.016281" y="-234.536499">
   <element name="symbol0" layername="timeline_0" frame="0" z_index="3" m_a="0.090157" m_b="0.531049" m_c="-0.538862" m_d="0.091484" m_tx="52.786446" m_ty="-278.720642"/>
  </frame>
  <frame idx="250" w="182" h="413" x="-171.317963" y="-234.232193">
   <element name="symbol0" layername="timeline_0" frame="0" z_index="3" m_a="0.002510" m_b="0.582331" m_c="-0.589505" m_d="0.002541" m_tx="69.588257" m_ty="-274.595764"/>
  </frame>
  <frame idx="275" w="224" h="393" x="-210.657242" y="-233.659515">
   <element name="symbol0" layername="timeline_0" frame="0" z_index="3" m_a="-0.099458" m_b="0.618074" m_c="-0.624417" m_d="-0.100478" m_tx="86.310448" m_ty="-266.911713"/>
  </frame>
  <frame idx="300" w="263" h="364" x="-247.414108" y="-232.302673">
   <element name="symbol0" layername="timeline_0" frame="0" z_index="3" m_a="-0.212834" m_b="0.634994" m_c="-0.640374" m_d="-0.214637" m_tx="102.217720" m_ty="-255.608429"/>
  </frame>
  <frame idx="325" w="298" h="326" x="-280.441711" y="-230.635635">
   <element name="symbol0" layername="timeline_0" frame="0" z_index="3" m_a="-0.334022" m_b="0.630374" m_c="-0.634725" m_d="-0.336328" m_tx="116.557121" m_ty="-240.773590"/>
  </frame>
  <frame idx="350" w="328" h="281" x="-307.630676" y="-228.122833">
   <element name="symbol0" layername="timeline_0" frame="0" z_index="3" m_a="-0.458858" m_b="0.602193" m_c="-0.605512" m_d="-0.461387" m_tx="128.587250" m_ty="-222.645981"/>
  </frame>
  <frame idx="375" w="350" h="229" x="-327.473297" y="-225.720078">
   <element name="symbol0" layername="timeline_0" frame="0" z_index="3" m_a="-0.582738" m_b="0.549240" m_c="-0.551588" m_d="-0.585228" m_tx="137.607513" m_ty="-201.613632"/>
  </frame>
  <frame idx="400" w="362" h="171" x="-338.126923" y="-222.375748">
   <element name="symbol0" layername="timeline_0" frame="0" z_index="3" m_a="-0.700782" m_b="0.471201" m_c="-0.472692" m_d="-0.703000" m_tx="142.987289" m_ty="-178.205551"/>
  </frame>
  <frame idx="425" w="363" h="110" x="-338.472687" y="-219.032486">
   <element name="symbol0" layername="timeline_0" frame="0" z_index="3" m_a="-0.808007" m_b="0.368711" m_c="-0.369508" m_d="-0.809755" m_tx="144.193176" m_ty="-153.078857"/>
  </frame>
  <frame idx="450" w="352" h="46" x="-327.668671" y="-215.129044">
   <element name="symbol0" layername="timeline_0" frame="0" z_index="3" m_a="-0.899502" m_b="0.243375" m_c="-0.243681" m_d="-0.900633" m_tx="140.813843" m_ty="-127.000107"/>
  </frame>
  <frame idx="475" w="329" h="20" x="-305.194702" y="-229.737091">
   <element name="symbol0" layername="timeline_0" frame="0" z_index="3" m_a="-0.970623" m_b="0.097761" m_c="-0.097804" m_d="-0.971042" m_tx="132.581284" m_ty="-100.822449"/>
  </frame>
  <frame idx="500" w="299" h="77" x="-276.767181" y="-284.233337">
   <element name="symbol0" layername="timeline_0" frame="0" z_index="3" m_a="-1.022156" m_b="-0.049479" m_c="0.049593" m_d="-1.024514" m_tx="121.696922" m_ty="-76.445198"/>
  </frame>
  <frame idx="525" w="268" h="131" x="-246.076355" y="-334.397827">
   <element name="symbol0" layername="timeline_0" frame="0" z_index="3" m_a="-1.059441" m_b="-0.190479" m_c="0.191846" m_d="-1.067044" m_tx="109.580177" m_ty="-54.139610"/>
  </frame>
  <frame idx="550" w="226" h="182" x="-206.011810" y="-381.711853">
   <element name="symbol0" layername="timeline_0" frame="0" z_index="3" m_a="-1.076552" m_b="-0.341783" m_c="0.345743" m_d="-1.089026" m_tx="93.618690" m_ty="-32.971420"/>
  </frame>
  <frame idx="575" w="174" h="226" x="-156.862976" y="-423.860718">
   <element name="symbol0" layername="timeline_0" frame="0" z_index="3" m_a="-1.071478" m_b="-0.500427" m_c="0.508236" m_d="-1.088197" m_tx="73.922050" m_ty="-13.570054"/>
  </frame>
  <frame idx="600" w="113" h="266" x="-99.636864" y="-460.566467">
   <element name="symbol0" layername="timeline_0" frame="0" z_index="3" m_a="-1.042653" m_b="-0.663111" m_c="0.675892" m_d="-1.062749" m_tx="50.699097" m_ty="3.446819"/>
  </frame>
  <frame idx="625" w="45" h="297" x="-35.054073" y="-489.619080">
   <element name="symbol0" layername="timeline_0" frame="0" z_index="3" m_a="-0.989002" m_b="-0.826256" m_c="0.844964" m_d="-1.011396" m_tx="24.256527" m_ty="17.488251"/>
  </frame>
  <frame idx="650" w="32" h="320" x="4.983675" y="-510.408295">
   <element name="symbol0" layername="timeline_0" frame="0" z_index="3" m_a="-0.909993" m_b="-0.986079" m_c="1.011466" m_d="-0.933421" m_tx="-5.004790" m_ty="28.005314"/>
  </frame>
  <frame idx="675" w="113" h="333" x="0.700314" y="-521.453003">
   <element name="symbol0" layername="timeline_0" frame="0" z_index="3" m_a="-0.805663" m_b="-1.138682" m_c="1.171260" m_d="-0.828714" m_tx="-36.596127" m_ty="34.505302"/>
  </frame>
  <frame idx="700" w="199" h="334" x="-4.579552" y="-521.929199">
   <element name="symbol0" layername="timeline_0" frame="0" z_index="3" m_a="-0.676644" m_b="-1.280128" m_c="1.320153" m_d="-0.697801" m_tx="-69.948608" m_ty="36.565460"/>
  </frame>
  <frame idx="725" w="287" h="323" x="-9.407616" y="-511.194336">
   <element name="symbol0" layername="timeline_0" frame="0" z_index="3" m_a="-0.524168" m_b="-1.406535" m_c="1.453983" m_d="-0.541851" m_tx="-104.423950" m_ty="33.845264"/>
  </frame>
  <frame idx="750" w="375" h="300" x="-14.837093" y="-488.809235">
   <element name="symbol0" layername="timeline_0" frame="0" z_index="3" m_a="-0.350064" m_b="-1.514166" m_c="1.568728" m_d="-0.362678" m_tx="-139.326050" m_ty="26.097198"/>
  </frame>
  <frame idx="775" w="463" h="266" x="-20.421541" y="-455.055206">
   <element name="symbol0" layername="timeline_0" frame="0" z_index="3" m_a="-0.156737" m_b="-1.599520" m_c="1.660592" m_d="-0.162721" m_tx="-173.915054" m_ty="13.175895"/>
  </frame>
  <frame idx="800" w="548" h="218" x="-25.713657" y="-408.947357">
   <element name="symbol0" layername="timeline_0" frame="0" z_index="3" m_a="0.052861" m_b="-1.659415" m_c="1.726109" m_d="0.054986" m_tx="-207.421890" m_ty="-4.954871"/>
  </frame>
  <frame idx="825" w="627" h="156" x="-30.764030" y="-350.742310">
   <element name="symbol0" layername="timeline_0" frame="0" z_index="3" m_a="0.275278" m_b="-1.691073" m_c="1.762229" m_d="0.286861" m_tx="-239.064865" m_ty="-28.217505"/>
  </frame>
  <frame idx="850" w="699" h="84" x="-35.620049" y="-281.942474">
   <element name="symbol0" layername="timeline_0" frame="0" z_index="3" m_a="0.506615" m_b="-1.692198" m_c="1.766401" m_d="0.528829" m_tx="-268.066010" m_ty="-56.417679"/>
  </frame>
  <frame idx="875" w="762" h="2" x="-39.824600" y="-203.292892">
   <element name="symbol0" layername="timeline_0" frame="0" z_index="3" m_a="0.742599" m_b="-1.661043" m_c="1.736651" m_d="0.776401" m_tx="-293.668579" m_ty="-89.244820"/>
  </frame>
  <frame idx="900" w="815" h="94" x="-43.915085" y="-207.454102">
   <element name="symbol0" layername="timeline_0" frame="0" z_index="3" m_a="0.978659" m_b="-1.596464" m_c="1.671647" m_d="1.024747" m_tx="-315.154175" m_ty="-126.274307"/>
  </frame>
  <frame idx="925" w="855" h="195" x="-47.422287" y="-212.807419">
   <element name="symbol0" layername="timeline_0" frame="0" z_index="3" m_a="1.210013" m_b="-1.497975" m_c="1.570748" m_d="1.268796" m_tx="-331.859650" m_ty="-166.972473"/>
  </frame>
  <frame idx="950" w="881" h="303" x="-49.869629" y="-218.597061">
   <element name="symbol0" layername="timeline_0" frame="0" z_index="3" m_a="1.431762" m_b="-1.365776" m_c="1.434049" m_d="1.503333" m_tx="-343.193359" m_ty="-210.704407"/>
  </frame>
  <frame idx="975" w="892" h="417" x="-51.772232" y="-224.885162">
   <element name="symbol0" layername="timeline_0" frame="0" z_index="3" m_a="1.638988" m_b="-1.200776" m_c="1.262403" m_d="1.723105" m_tx="-348.650177" m_ty="-256.743347"/>
  </frame>
 </anim>
 <anim name="huffandpuffwind_loop" root="huffandpuffwind" numframes="1000" framerate="40">
  <frame idx="0" w="-2147483648" h="2" x="7449611525389178600000000.000000" y="-0.500000"/>
  <frame idx="25" w="958" h="599" x="-59.519806" y="-233.033203">
   <element name="symbol0" layername="timeline_0" frame="0" z_index="3" m_a="2.086911" m_b="-0.997447" m_c="1.027831" m_d="2.150481" m_tx="-378.206757" m_ty="-330.621613"/>
  </frame>
  <frame idx="50" w="890" h="738" x="-57.347946" y="-241.713486">
   <element name="symbol0" layername="timeline_0" frame="0" z_index="3" m_a="2.217918" m_b="-0.656459" m_c="0.676456" m_d="2.285479" m_tx="-353.327820" m_ty="-388.727997"/>
  </frame>
  <frame idx="75" w="801" h="865" x="-53.581360" y="-250.453125">
   <element name="symbol0" layername="timeline_0" frame="0" z_index="3" m_a="2.293608" m_b="-0.299099" m_c="0.308210" m_d="2.363475" m_tx="-319.614075" m_ty="-442.193207"/>
  </frame>
  <frame idx="100" w="690" h="976" x="-48.126900" y="-257.808899">
   <element name="symbol0" layername="timeline_0" frame="0" z_index="3" m_a="2.312094" m_b="0.065721" m_c="-0.067723" m_d="2.382524" m_tx="-277.906403" m_ty="-489.684265"/>
  </frame>
  <frame idx="125" w="563" h="1068" x="-41.883720" y="-264.322357">
   <element name="symbol0" layername="timeline_0" frame="0" z_index="3" m_a="2.272915" m_b="0.428902" m_c="-0.441967" m_d="2.342151" m_tx="-229.245041" m_ty="-530.017151"/>
  </frame>
  <frame idx="150" w="423" h="1142" x="-34.745613" y="-270.518524">
   <element name="symbol0" layername="timeline_0" frame="0" z_index="3" m_a="2.177047" m_b="0.781386" m_c="-0.805188" m_d="2.243363" m_tx="-174.843597" m_ty="-562.186401"/>
  </frame>
  <frame idx="175" w="270" h="1191" x="-26.103806" y="-274.905365">
   <element name="symbol0" layername="timeline_0" frame="0" z_index="3" m_a="2.026883" m_b="1.114381" m_c="-1.148327" m_d="2.088624" m_tx="-116.058945" m_ty="-585.390076"/>
  </frame>
  <frame idx="200" w="113" h="1217" x="-17.349598" y="-277.973694">
   <element name="symbol0" layername="timeline_0" frame="0" z_index="3" m_a="1.826166" m_b="1.419583" m_c="-1.462826" m_d="1.881793" m_tx="-54.357151" m_ty="-599.049927"/>
  </frame>
  <frame idx="225" w="51" h="1220" x="-57.576984" y="-280.197418">
   <element name="symbol0" layername="timeline_0" frame="0" z_index="3" m_a="1.579903" m_b="1.689380" m_c="-1.740841" m_d="1.628029" m_tx="8.722851" m_ty="-602.825806"/>
  </frame>
  <frame idx="250" w="211" h="1198" x="-207.973267" y="-280.533936">
   <element name="symbol0" layername="timeline_0" frame="0" z_index="3" m_a="1.294237" m_b="1.917042" m_c="-1.975438" m_d="1.333661" m_tx="71.607857" m_ty="-596.623901"/>
  </frame>
  <frame idx="275" w="365" h="1151" x="-352.609009" y="-279.425385">
   <element name="symbol0" layername="timeline_0" frame="0" z_index="3" m_a="0.976291" m_b="2.096892" m_c="-2.160766" m_d="1.006030" m_tx="132.729462" m_ty="-580.599365"/>
  </frame>
  <frame idx="300" w="511" h="1083" x="-489.188416" y="-277.300171">
   <element name="symbol0" layername="timeline_0" frame="0" z_index="3" m_a="0.633996" m_b="2.224443" m_c="-2.292203" m_d="0.653308" m_tx="190.563126" m_ty="-555.152344"/>
  </frame>
  <frame idx="325" w="644" h="994" x="-613.117126" y="-273.574524">
   <element name="symbol0" layername="timeline_0" frame="0" z_index="3" m_a="0.275888" m_b="2.296516" m_c="-2.366471" m_d="0.284292" m_tx="243.666565" m_ty="-520.917908"/>
  </frame>
  <frame idx="350" w="760" h="886" x="-721.578491" y="-268.654846">
   <element name="symbol0" layername="timeline_0" frame="0" z_index="3" m_a="-0.089100" m_b="2.311311" m_c="-2.381717" m_d="-0.091814" m_tx="290.715271" m_ty="-478.750488"/>
  </frame>
  <frame idx="375" w="859" h="761" x="-812.604431" y="-262.439697">
   <element name="symbol0" layername="timeline_0" frame="0" z_index="3" m_a="-0.451866" m_b="2.268461" m_c="-2.337562" m_d="-0.465631" m_tx="330.535858" m_ty="-429.701996"/>
  </frame>
  <frame idx="400" w="934" h="624" x="-882.636597" y="-255.322739">
   <element name="symbol0" layername="timeline_0" frame="0" z_index="3" m_a="-0.803363" m_b="2.169034" m_c="-2.235105" m_d="-0.827834" m_tx="362.135162" m_ty="-374.996246"/>
  </frame>
  <frame idx="425" w="988" h="478" x="-931.078003" y="-247.695084">
   <element name="symbol0" layername="timeline_0" frame="0" z_index="3" m_a="-1.134823" m_b="2.015509" m_c="-2.076904" m_d="-1.169391" m_tx="384.725067" m_ty="-315.998199"/>
  </frame>
  <frame idx="450" w="1017" h="327" x="-956.332642" y="-239.448151">
   <element name="symbol0" layername="timeline_0" frame="0" z_index="3" m_a="-1.437979" m_b="1.811716" m_c="-1.866904" m_d="-1.481782" m_tx="397.742126" m_ty="-254.179794"/>
  </frame>
  <frame idx="475" w="1019" h="172" x="-957.333252" y="-230.476318">
   <element name="symbol0" layername="timeline_0" frame="0" z_index="3" m_a="-1.705271" m_b="1.562738" m_c="-1.610341" m_d="-1.757216" m_tx="400.861786" m_ty="-191.083054"/>
  </frame>
  <frame idx="500" w="998" h="22" x="-935.419800" y="-221.612686">
   <element name="symbol0" layername="timeline_0" frame="0" z_index="3" m_a="-1.927809" m_b="1.278144" m_c="-1.317078" m_d="-1.986533" m_tx="394.116669" m_ty="-128.938919"/>
  </frame>
  <frame idx="525" w="952" h="124" x="-890.746521" y="-336.141418">
   <element name="symbol0" layername="timeline_0" frame="0" z_index="3" m_a="-2.101767" m_b="0.965750" m_c="-0.995168" m_d="-2.165790" m_tx="377.976593" m_ty="-69.179947"/>
  </frame>
  <frame idx="550" w="884" h="260" x="-825.166626" y="-462.904419">
   <element name="symbol0" layername="timeline_0" frame="0" z_index="3" m_a="-2.225500" m_b="0.630277" m_c="-0.649476" m_d="-2.293292" m_tx="352.824219" m_ty="-12.616529"/>
  </frame>
  <frame idx="575" w="795" h="382" x="-739.616455" y="-577.611816">
   <element name="symbol0" layername="timeline_0" frame="0" z_index="3" m_a="-2.296049" m_b="0.279742" m_c="-0.288264" m_d="-2.365990" m_tx="319.259705" m_ty="39.400570"/>
  </frame>
  <frame idx="600" w="687" h="491" x="-636.462463" y="-678.262024">
   <element name="symbol0" layername="timeline_0" frame="0" z_index="3" m_a="-2.311730" m_b="-0.077477" m_c="0.079837" m_d="-2.382149" m_tx="278.084412" m_ty="85.629005"/>
  </frame>
  <frame idx="625" w="562" h="581" x="-517.955322" y="-762.166016">
   <element name="symbol0" layername="timeline_0" frame="0" z_index="3" m_a="-2.272167" m_b="-0.432845" m_c="0.446030" m_d="-2.341381" m_tx="230.281326" m_ty="124.965050"/>
  </frame>
  <frame idx="650" w="424" h="652" x="-387.176971" y="-827.498596">
   <element name="symbol0" layername="timeline_0" frame="0" z_index="3" m_a="-2.178306" m_b="-0.777869" m_c="0.801564" m_d="-2.244660" m_tx="176.991989" m_ty="156.469498"/>
  </frame>
  <frame idx="675" w="275" h="701" x="-246.978516" y="-872.343018">
   <element name="symbol0" layername="timeline_0" frame="0" z_index="3" m_a="-2.032390" m_b="-1.104305" m_c="1.137944" m_d="-2.094299" m_tx="119.488892" m_ty="179.390427"/>
  </frame>
  <frame idx="700" w="122" h="729" x="-101.412674" y="-896.223816">
   <element name="symbol0" layername="timeline_0" frame="0" z_index="3" m_a="-1.837906" m_b="-1.404351" m_c="1.447129" m_d="-1.893891" m_tx="59.145412" m_ty="193.180878"/>
  </frame>
  <frame idx="725" w="39" h="732" x="9.548409" y="-897.631104">
   <element name="symbol0" layername="timeline_0" frame="0" z_index="3" m_a="-1.599501" m_b="-1.670837" m_c="1.721733" m_d="-1.648224" m_tx="-2.597282" m_ty="197.512238"/>
  </frame>
  <frame idx="750" w="195" h="712" x="0.172234" y="-877.532104">
   <element name="symbol0" layername="timeline_0" frame="0" z_index="3" m_a="-1.322873" m_b="-1.897395" m_c="1.955192" m_d="-1.363169" m_tx="-64.264610" m_ty="192.281815"/>
  </frame>
  <frame idx="775" w="347" h="670" x="-9.089951" y="-835.872192">
   <element name="symbol0" layername="timeline_0" frame="0" z_index="3" m_a="-1.014632" m_b="-2.078610" m_c="2.141928" m_d="-1.045539" m_tx="-124.383820" m_ty="177.615555"/>
  </frame>
  <frame idx="800" w="491" h="606" x="-18.316368" y="-773.563965">
   <element name="symbol0" layername="timeline_0" frame="0" z_index="3" m_a="-0.682144" m_b="-2.210154" m_c="2.277478" m_d="-0.702923" m_tx="-181.519089" m_ty="153.864716"/>
  </frame>
  <frame idx="825" w="623" h="521" x="-27.074200" y="-692.465942">
   <element name="symbol0" layername="timeline_0" frame="0" z_index="3" m_a="-0.333355" m_b="-2.288880" m_c="2.358603" m_d="-0.343509" m_tx="-234.305939" m_ty="121.597771"/>
  </frame>
  <frame idx="850" w="741" h="418" x="-35.417885" y="-594.349792">
   <element name="symbol0" layername="timeline_0" frame="0" z_index="3" m_a="0.023400" m_b="-2.312910" m_c="2.383364" m_d="0.024113" m_tx="-281.483704" m_ty="81.586723"/>
  </frame>
  <frame idx="875" w="841" h="300" x="-42.887894" y="-481.357971">
   <element name="symbol0" layername="timeline_0" frame="0" z_index="3" m_a="0.379596" m_b="-2.281667" m_c="2.351170" m_d="0.391159" m_tx="-321.925964" m_ty="34.788559"/>
  </frame>
  <frame idx="900" w="920" h="168" x="-49.009674" y="-356.452454">
   <element name="symbol0" layername="timeline_0" frame="0" z_index="3" m_a="0.726721" m_b="-2.195900" m_c="2.262790" m_d="0.748858" m_tx="-354.667053" m_ty="-17.677502"/>
  </frame>
  <frame idx="925" w="977" h="27" x="-53.793137" y="-222.856125">
   <element name="symbol0" layername="timeline_0" frame="0" z_index="3" m_a="1.056479" m_b="-2.057657" m_c="2.120336" m_d="1.088661" m_tx="-378.925415" m_ty="-74.556801"/>
  </frame>
  <frame idx="950" w="1011" h="123" x="-57.732422" y="-204.866837">
   <element name="symbol0" layername="timeline_0" frame="0" z_index="3" m_a="1.360990" m_b="-1.870242" m_c="1.927212" m_d="1.402448" m_tx="-394.122284" m_ty="-134.489258"/>
  </frame>
  <frame idx="975" w="1022" h="243" x="-59.942032" y="-211.621201">
   <element name="symbol0" layername="timeline_0" frame="0" z_index="3" m_a="1.581507" m_b="-1.687878" m_c="1.739293" m_d="1.629682" m_tx="-399.504517" m_ty="-183.672058"/>
  </frame>
 </anim>
 <anim name="huffandpuffwind_stop" root="huffandpuffwind" numframes="1000" framerate="40">
  <frame idx="0" w="-2147483648" h="2" x="7449611525389178600000000.000000" y="-0.500000"/>
  <frame idx="25" w="771" h="440" x="-48.660416" y="-225.902817">
   <element name="symbol0" layername="timeline_0" frame="0" z_index="3" m_a="1.646973" m_b="-0.915980" m_c="0.859325" m_d="1.545103" m_tx="-304.966461" m_ty="-269.430573"/>
  </frame>
  <frame idx="50" w="705" h="544" x="-45.915405" y="-232.632629">
   <element name="symbol0" layername="timeline_0" frame="0" z_index="3" m_a="1.709417" m_b="-0.618182" m_c="0.579835" m_d="1.603379" m_tx="-279.939636" m_ty="-313.237946"/>
  </frame>
  <frame idx="75" w="623" h="633" x="-41.824364" y="-238.893890">
   <element name="symbol0" layername="timeline_0" frame="0" z_index="3" m_a="1.720625" m_b="-0.324564" m_c="0.304368" m_d="1.613561" m_tx="-249.023529" m_ty="-350.885559"/>
  </frame>
  <frame idx="100" w="531" h="704" x="-37.290661" y="-244.188614">
   <element name="symbol0" layername="timeline_0" frame="0" z_index="3" m_a="1.683613" m_b="-0.043583" m_c="0.040862" m_d="1.578503" m_tx="-213.523529" m_ty="-381.658325"/>
  </frame>
  <frame idx="125" w="431" h="756" x="-31.721212" y="-248.001923">
   <element name="symbol0" layername="timeline_0" frame="0" z_index="3" m_a="1.602739" m_b="0.217170" m_c="-0.203563" m_d="1.502318" m_tx="-174.815842" m_ty="-405.096283"/>
  </frame>
  <frame idx="150" w="327" h="791" x="-26.029373" y="-251.303299">
   <element name="symbol0" layername="timeline_0" frame="0" z_index="3" m_a="1.483504" m_b="0.451173" m_c="-0.422794" m_d="1.390191" m_tx="-134.300217" m_ty="-420.997894"/>
  </frame>
  <frame idx="175" w="223" h="807" x="-20.137390" y="-253.548370">
   <element name="symbol0" layername="timeline_0" frame="0" z_index="3" m_a="1.332321" m_b="0.653139" m_c="-0.611882" m_d="1.248162" m_tx="-93.353523" m_ty="-429.414917"/>
  </frame>
  <frame idx="200" w="121" h="806" x="-13.978630" y="-254.680939">
   <element name="symbol0" layername="timeline_0" frame="0" z_index="3" m_a="1.156265" m_b="0.819127" m_c="-0.767147" m_d="1.082891" m_tx="-53.285744" m_ty="-430.639221"/>
  </frame>
  <frame idx="225" w="24" h="789" x="-7.499207" y="-254.635406">
   <element name="symbol0" layername="timeline_0" frame="0" z_index="3" m_a="0.962811" m_b="0.946618" m_c="-0.886244" m_d="0.901404" m_tx="-15.299728" m_ty="-425.182251"/>
  </frame>
  <frame idx="250" w="65" h="756" x="-66.066277" y="-253.339310">
   <element name="symbol0" layername="timeline_0" frame="0" z_index="3" m_a="0.759562" m_b="1.034529" m_c="-0.968183" m_d="0.710850" m_tx="19.544264" m_ty="-413.747772"/>
  </frame>
  <frame idx="275" w="132" h="712" x="-128.939972" y="-251.594757">
   <element name="symbol0" layername="timeline_0" frame="0" z_index="3" m_a="0.568561" m_b="1.062548" m_c="-0.997346" m_d="0.533672" m_tx="46.713360" m_ty="-396.410889"/>
  </frame>
  <frame idx="300" w="189" h="660" x="-181.043121" y="-248.894958">
   <element name="symbol0" layername="timeline_0" frame="0" z_index="3" m_a="0.386316" m_b="1.057970" m_c="-0.996537" m_d="0.363884" m_tx="69.281723" m_ty="-375.892273"/>
  </frame>
  <frame idx="325" w="232" h="603" x="-221.128906" y="-246.183990">
   <element name="symbol0" layername="timeline_0" frame="0" z_index="3" m_a="0.217218" m_b="1.024720" m_c="-0.969104" m_d="0.205428" m_tx="87.095261" m_ty="-353.142944"/>
  </frame>
  <frame idx="350" w="263" h="543" x="-249.459167" y="-242.905731">
   <element name="symbol0" layername="timeline_0" frame="0" z_index="3" m_a="0.065497" m_b="0.966466" m_c="-0.918274" m_d="0.062231" m_tx="100.007408" m_ty="-329.078949"/>
  </frame>
  <frame idx="375" w="281" h="483" x="-266.143860" y="-239.509079">
   <element name="symbol0" layername="timeline_0" frame="0" z_index="3" m_a="-0.065395" m_b="0.887471" m_c="-0.847824" m_d="-0.062474" m_tx="108.032379" m_ty="-304.608765"/>
  </frame>
  <frame idx="400" w="288" h="424" x="-271.626892" y="-235.949387">
   <element name="symbol0" layername="timeline_0" frame="0" z_index="3" m_a="-0.172861" m_b="0.792437" m_c="-0.761948" m_d="-0.166210" m_tx="111.339668" m_ty="-280.606415"/>
  </frame>
  <frame idx="425" w="284" h="369" x="-267.161682" y="-232.689697">
   <element name="symbol0" layername="timeline_0" frame="0" z_index="3" m_a="-0.255211" m_b="0.686353" m_c="-0.665117" m_d="-0.247314" m_tx="110.243912" m_ty="-257.886627"/>
  </frame>
  <frame idx="450" w="269" h="320" x="-252.779587" y="-229.701401">
   <element name="symbol0" layername="timeline_0" frame="0" z_index="3" m_a="-0.311686" m_b="0.574335" m_c="-0.561935" m_d="-0.304957" m_tx="105.191063" m_ty="-237.181824"/>
  </frame>
  <frame idx="475" w="247" h="276" x="-231.250473" y="-226.465027">
   <element name="symbol0" layername="timeline_0" frame="0" z_index="3" m_a="-0.342458" m_b="0.461464" m_c="-0.457000" m_d="-0.339145" m_tx="96.741257" m_ty="-219.121872"/>
  </frame>
  <frame idx="500" w="227" h="241" x="-212.167938" y="-224.638474">
   <element name="symbol0" layername="timeline_0" frame="0" z_index="3" m_a="-0.369409" m_b="0.367475" m_c="-0.366773" m_d="-0.368703" m_tx="89.525925" m_ty="-203.981308"/>
  </frame>
  <frame idx="525" w="215" h="207" x="-200.264832" y="-222.352356">
   <element name="symbol0" layername="timeline_0" frame="0" z_index="3" m_a="-0.405834" m_b="0.291284" m_c="-0.290407" m_d="-0.404612" m_tx="85.091751" m_ty="-190.346298"/>
  </frame>
  <frame idx="550" w="197" h="178" x="-183.657593" y="-220.418488">
   <element name="symbol0" layername="timeline_0" frame="0" z_index="3" m_a="-0.427858" m_b="0.213206" m_c="-0.212308" m_d="-0.426058" m_tx="78.666481" m_ty="-178.173416"/>
  </frame>
  <frame idx="575" w="177" h="154" x="-163.632721" y="-218.831436">
   <element name="symbol0" layername="timeline_0" frame="0" z_index="3" m_a="-0.435859" m_b="0.135808" m_c="-0.135059" m_d="-0.433453" m_tx="70.599663" m_ty="-167.732925"/>
  </frame>
  <frame idx="600" w="152" h="134" x="-140.541580" y="-217.591141">
   <element name="symbol0" layername="timeline_0" frame="0" z_index="3" m_a="-0.430650" m_b="0.061485" m_c="-0.061057" m_d="-0.427652" m_tx="61.273731" m_ty="-159.221710"/>
  </frame>
  <frame idx="625" w="125" h="119" x="-115.269142" y="-216.202698">
   <element name="symbol0" layername="timeline_0" frame="0" z_index="3" m_a="-0.413436" m_b="-0.007619" m_c="0.007554" m_d="-0.409901" m_tx="51.089764" m_ty="-152.760147"/>
  </frame>
  <frame idx="650" w="99" h="110" x="-89.702309" y="-215.675919">
   <element name="symbol0" layername="timeline_0" frame="0" z_index="3" m_a="-0.385756" m_b="-0.069664" m_c="0.068946" m_d="-0.381777" m_tx="40.452957" m_ty="-148.391449"/>
  </frame>
  <frame idx="675" w="71" h="105" x="-63.699532" y="-215.024841">
   <element name="symbol0" layername="timeline_0" frame="0" z_index="3" m_a="-0.349412" m_b="-0.123170" m_c="0.121657" m_d="-0.345119" m_tx="29.758631" m_ty="-146.083786"/>
  </frame>
  <frame idx="700" w="45" h="105" x="-39.062180" y="-214.767014">
   <element name="symbol0" layername="timeline_0" frame="0" z_index="3" m_a="-0.306398" m_b="-0.167046" m_c="0.164624" m_d="-0.301955" m_tx="19.378885" m_ty="-145.734802"/>
  </frame>
  <frame idx="725" w="20" h="110" x="-16.009094" y="-214.922623">
   <element name="symbol0" layername="timeline_0" frame="0" z_index="3" m_a="-0.258819" m_b="-0.200616" m_c="0.197205" m_d="-0.254418" m_tx="9.650640" m_ty="-147.178329"/>
  </frame>
  <frame idx="750" w="2" h="117" x="0.979189" y="-215.083786">
   <element name="symbol0" layername="timeline_0" frame="0" z_index="3" m_a="-0.216925" m_b="-0.218747" m_c="0.214554" m_d="-0.212767" m_tx="2.389910" m_ty="-149.850037"/>
  </frame>
  <frame idx="775" w="15" h="125" x="0.779236" y="-215.259521">
   <element name="symbol0" layername="timeline_0" frame="0" z_index="3" m_a="-0.179528" m_b="-0.227574" m_c="0.222747" m_d="-0.175721" m_tx="-3.252756" m_ty="-153.137833"/>
  </frame>
  <frame idx="800" w="27" h="135" x="-0.089737" y="-215.925140">
   <element name="symbol0" layername="timeline_0" frame="0" z_index="3" m_a="-0.143062" m_b="-0.230933" m_c="0.225501" m_d="-0.139697" m_tx="-8.141951" m_ty="-156.984558"/>
  </frame>
  <frame idx="825" w="36" h="146" x="-0.519643" y="-216.589874">
   <element name="symbol0" layername="timeline_0" frame="0" z_index="3" m_a="-0.108260" m_b="-0.229163" m_c="0.223167" m_d="-0.105428" m_tx="-12.227667" m_ty="-161.262253"/>
  </frame>
  <frame idx="850" w="44" h="158" x="-1.508287" y="-217.262451">
   <element name="symbol0" layername="timeline_0" frame="0" z_index="3" m_a="-0.075793" m_b="-0.222697" m_c="0.216190" m_d="-0.073579" m_tx="-15.479039" m_ty="-165.839218"/>
  </frame>
  <frame idx="875" w="50" h="170" x="-2.052295" y="-217.951172">
   <element name="symbol0" layername="timeline_0" frame="0" z_index="3" m_a="-0.046251" m_b="-0.212049" m_c="0.205097" m_d="-0.044735" m_tx="-17.884497" m_ty="-170.582870"/>
  </frame>
  <frame idx="900" w="53" h="180" x="-2.147200" y="-218.163574">
   <element name="symbol0" layername="timeline_0" frame="0" z_index="3" m_a="-0.020138" m_b="-0.197805" m_c="0.190485" m_d="-0.019393" m_tx="-19.451561" m_ty="-175.362244"/>
  </frame>
  <frame idx="925" w="55" h="192" x="-2.787571" y="-218.906418">
   <element name="symbol0" layername="timeline_0" frame="0" z_index="3" m_a="0.002137" m_b="-0.180607" m_c="0.173008" m_d="0.002047" m_tx="-20.206219" m_ty="-180.050705"/>
  </frame>
  <frame idx="950" w="55" h="203" x="-2.967127" y="-219.685532">
   <element name="symbol0" layername="timeline_0" frame="0" z_index="3" m_a="0.020269" m_b="-0.161143" m_c="0.153363" m_d="0.019290" m_tx="-20.192047" m_ty="-184.528351"/>
  </frame>
  <frame idx="975" w="53" h="208" x="-2.556769" y="-220.101074">
   <element name="symbol0" layername="timeline_0" frame="0" z_index="3" m_a="0.026879" m_b="-0.152044" m_c="0.144218" m_d="0.025495" m_tx="-19.957129" m_ty="-186.402771"/>
  </frame>
 </anim>
</Anims>
